Name,Eng,Hindi,Maths,Sum,Avg
Niru,9,10,9,28,9.333333333
Des,10,10,10,30,10
Sam,8,9,9,26,8.666666667
Duttu,6,9,7,22,7.333333333
Chukks,7,8,9,24,8
Saf,8,7,9,24,8
Meg,10,8,9,27,9
Akshay,10,10,10,30,10
Anns,7,8,9,24,8
Maria,9,9,8,26,8.666666667
